List 1F,List 2F,List 3F,List 4F,List 5F,List 6F,List 7F,List 8F,List 9F,List 10F,List 11F,List 12F,List 13F,List 14F,List 15F,List 16F,List 17F,List 18F,List 19F,List 20F,List 21F,List 22F,List 23F,List 24F,List 25F,List 26F,List 27F,List 28F,List 29F,List 30F,List 31F
Abby,Ada,Adelaide,Adele,Adora,Ainsley,Alana,Alexandra,Alexis,Allie,Alicia,Amanda,Amelia,Amy,Angela,Annie,Antoinette,April,Ariana,Ariel,Astrid,Athena,Aurora,Ava,Bambi,Barrie,Belinda,Becca,Belle,Benita,Bette
Dana,Beth,Betsy,Bianca,Bibi,Billie,Blair,Blossom,Bobbie,Bonnie,Brianne,Brianna,Brigitte,Brooke,Bunny,Caitlin,Calla,Camille,Candace,Candy,Cara,Carrie,Carla,Candida,Caroline,Casey,Cassandra,Cassie,Celia,Ceil,Cybil
Chandra,Damita,Deanna,Dee,Deedee,Deirdre,Dena,Diana,Dionne,Dale,Dawn,Darlene,Daphne,Darcy,Charlene,Charlotte,Cher,Chloe,Chrissy,Cicely,Claire,Clementine,Colette,Connie,Cora,Cordelia,Corey,Cornelia,Crystal,Darcy,Daisy
Dixie,Dolly,Desiree,Della,Delia,Delilah,Dora,Dottie,Doreen,Dyan,Eden,Edie,Eldora,Elena,Elise,Ella,Ellie,Elissa,Elsa,Elsie,Emily,Emma,Erin,Erica,Eve,Evita,Fallon,Farrah,Felice,Felicia,Fidelia
Fiona,Verna,Vicki,Victoria,Violet,Viveca,Vivian,Wendy,Whitney,Fleur,Flavia,Flora,Francine,Fritzi,Gabrielle,Gemma,Gina,Genevieve,Georgia,Geri,Gilda,Gillian,Goldie,Ginger,Gisele,Glynis,Glenda,Grace,Gwen,Hallie,Hannah
Harriet,Tina,Toni,Tracy,Tricia,Twyla,Tyne,Valentina,Valerie,Hedy,Heather,Heidi,Holly,Hope,Hailey,Ilona,Ilsa,Iris,Inga,Inez,Isadora,Imogene,Ivey,Ingrid,Jackie,Jade,Jasmine,Jenny,Jessica,Jewel,Jocelyn
Joanna,Nydia,Regina,Shana,Winnie,Yetta,Yvette,Zelda,Zoe,Jodi,Joy,Julia,Julie,Judy,Juliet,Justine,Keeley,Kate,Kelly,Kelsey,Kitty,Kristin,Kirsten,Lacey,Lana,Laurie,Laurel,Lauren,Leah,Leigh,Lena
Libby,Zora,Vanessa,Vera,Shannon,Sheena,Shelley,Sherry,Veda,Lila,Lily,Lisa,Lorelei,Lori,Lorna,Lucy,Lydia,Lynn,Madeline,Magda,Maggie,Marsha,Marcie,Malvina,Marcella,Marguerite,Margo,Maria,Marietta,Marilyn,Marjorie
Marlene,Sigrid,Sondra,Sonia,Sunny,Talia,Tanni,Tara,Summer,Stella,Sophia,Sophie,Martina,Mavis,Maxine,Maureen,Megan,Melanie,Melinda,Melissa,Melba,Mercedes,Meredith,Merle,Mia,Michelle,Mickey,Millie,Mimi,Mina,Mindy
Mira,Roz,Roxanne,Rose,Rona,Ronnie,Rochelle,Robin,Risa,Reva,Renee,Tamara,Miranda,Miriam,Mitzi,Moira,Molly,Monica,Muriel,Myra,Myrna,Nadine,Naomi,Natalie,Natasha,Nancy,Nedra,Neva,Nita,Nicole,Nola
Thea,Ruby,Sadie,Salome,Samantha,Sandi,Sarah,Selena,Sabrina,Sabina,Sydney,Sylvia,Octavia,Olivia,Ona,Ophelia,Oriana,Paige,Paloma,Pearl,Tess,Penelope,Penny,Phoebe,Piper,Polly,Portia,Quinlan,Rachel,Raquel,Rebecca
,,,,,,,,,,,,,,,,,,,,,,,,,,,,,,
,,,,,,,,,,,,,,,,,,,,,,,,,,,,,,
,,,,,,,,,,,,,,,,,,,,,,,,,,,,,,
List 1M,List 2M,List 3M,List 4M,List 5M,List 6M,List 7M,List 8M,List 9M,List 10M,List 11M,List 12M,List 13M,List 14M,List 15M,List 16M,List 17M,List 18M,List 19M,List 20M,List 21M,List 22M,List 23M,List 24M,List 25M,List 26M,List 27M,List 28M,List 29M,List 30M,List 31M
Aaron,Adam,Adlai,Alton,Alden,Alec,Alex,Allen,Amory,Andrew,Angus,Ansel,Anthony,Archer,Angelo,Arlen,Armand,Arnie,Arthur,Artemus,Aubrey,Sterling,August,Austin,Avery,Axel,Bailey,Berkeley,Baldwin,Barclay,Sam
Bradley,Brandon,Brendan,Brent,Brett,Brewster,Brian,Brice,Brick,Boyd,Bono,Borden,Booth,Bob,Blake,Bevan,Blair,Bjorn,Bill,Bertram,Bentley,Bennett,Benjamin,Belden,Beau,Basil,Barry,Baron,Calvin,Cameron,Saul
Conrad,Clive,Clint,Cleveland,Clay,Cody,Colby,Coleman,Colin,Collier,Cordell,Corbett,Bramwell,Corey,Cosmo,Craig,Creighton,Brock,Broderick,Brook,Bruce,Bruno,Byron,Burton,Buck,Caleb,Trevor,Cal,Carlton,Carter,Sandor
Dean,Dave,Darren,Darrell,Dante,Dana,Dan,Damon,Damien,Dalton,Dallas,Dale,Cyrus,Cyril,Curt,Cullen,Crosby,Clark,Wesley,Warner,Christian,Chet,Chad,Chauncey,Chase,Charlton,Tristan,Channing,Chandler,Cassidy,Caspar
Dell,Dennis,Derek,Dermot,Desmond,Devin,Demetrius,Dexter,Digby,Dirk,Dmitri,Dominic,Dorian,Doug,Drew,Dustin,Duncan,Wade,Dwight,Duke,Dylan,Edmund,Edsel,Eldon,Eldridge,Eli,Troy,Elliott,Ellis,Sebastian,Emory
Gerard,Geoffrey,Gaston,Gaylord,Gavin,Gary,Garrett,Gareth,Gardner,Gabriel,Fulton,Frazer,Frank,Foster,Forrest,Ford,Forbes,Fletcher,Fielding,Farley,Fabian,Everett,Evan,Eustace,Stewart,Ethan,Erskine,Errol,Ernie,Eric,Emmet
Gideon,Gil,Giles,Gino,Glenn,Gordon,Grady,Graham,Grant,Grayson,Greg,Griffin,Griffith,Guthrie,Guy,Gunther,Hadley,Hamilton,Hank,Hanley,Hans,Hardy,Harcourt,Harlan,Spencer,Harris,Harrison,Hart,Haskel,Hayward,Sawyer
Judd,Joshua,Joel,Jonathan,Jim,Jesse,Jerome,Jeremy,Jeremiah,Jefferson,Jed,Jay,Jasper,Jason,Jarvis,Jared,James,Jackson,Jake,Jack,Isaac,Irwin,Ian,Hunt,Hugh,Hudson,Hollis,Holden,Holton,Herschel,Shepard
Julian,Justin,Keane,Keith,Keefe,Keenan,Kelvin,Kendrick,Kent,Kevin,Kinsley,Kipp,Kirby,Kirk,Kurt,Kyle,Knox,Lamar,Lamont,Lance,Langdon,Lars,Leif,Leland,Len,Leo,Leon,Sinclair,Sheldon,Shane,Lincoln
Murray,Murdock,Montgomery,Morrison,Morgan,Monroe,Mitch,Miles,Michael,Mickey,Max,Matt,Mason,Marvin,Marshall,Marlon,Marcus,Mark,Lyndon,Lyman,Lyle,Luther,Luke,Lucian,Lucas,Lowell,Spaulding,Tad,Logan,Sherwood,Lionel
Myron,Nate,Nathan,Ned,Nelson,Newton,Nick,Nigel,Noah,Nolan,Oliver,Orlando,Orson,Owen,Parker,Paxton,Penn,Pierce,Prescott,Radcliff,Raynor,Reed,Reese,Remington,Rex,Rhett,Rocky,Riley,Roscoe,Roy,Royce
"","",""
